county,root_url,root_status,root_content_hash,elections_json_status,n_elections_listed
Anderson,https://results.enr.clarityelections.com/TX/Anderson/,404,6440c95aec584aedc40b580f591b15cb141bed997af6771a680ecedf8645f9e8,404,0
Andrews,https://results.enr.clarityelections.com/TX/Andrews/,404,6440c95aec584aedc40b580f591b15cb141bed997af6771a680ecedf8645f9e8,404,0
Angelina,https://results.enr.clarityelections.com/TX/Angelina/,404,6440c95aec584aedc40b580f591b15cb141bed997af6771a680ecedf8645f9e8,404,0
Aransas,https://results.enr.clarityelections.com/TX/Aransas/,404,6440c95aec584aedc40b580f591b15cb141bed997af6771a680ecedf8645f9e8,404,0
Archer,https://results.enr.clarityelections.com/TX/Archer/,404,6440c95aec584aedc40b580f591b15cb141bed997af6771a680ecedf8645f9e8,404,0
Armstrong,https://results.enr.clarityelections.com/TX/Armstrong/,404,6440c95aec584aedc40b580f591b15cb141bed997af6771a680ecedf8645f9e8,404,0
Atascosa,https://results.enr.clarityelections.com/TX/Atascosa/,404,6440c95aec584aedc40b580f591b15cb141bed997af6771a680ecedf8645f9e8,404,0
Austin,https://results.enr.clarityelections.com/TX/Austin/,404,6440c95aec584aedc40b580f591b15cb141bed997af6771a680ecedf8645f9e8,404,0
Bailey,https://results.enr.clarityelections.com/TX/Bailey/,404,6440c95aec584aedc40b580f591b15cb141bed997af6771a680ecedf8645f9e8,404,0
Bandera,https://results.enr.clarityelections.com/TX/Bandera/,404,6440c95aec584aedc40b580f591b15cb141bed997af6771a680ecedf8645f9e8,404,0
Bastrop,https://results.enr.clarityelections.com/TX/Bastrop/,200,9d9c62e001c1cc91077463268f1229970c2ee6d3f07e7d83adc8b903c2a252ef,200,69
Baylor,https://results.enr.clarityelections.com/TX/Baylor/,404,6440c95aec584aedc40b580f591b15cb141bed997af6771a680ecedf8645f9e8,404,0
Bee,https://results.enr.clarityelections.com/TX/Bee/,404,6440c95aec584aedc40b580f591b15cb141bed997af6771a680ecedf8645f9e8,404,0
Bell,https://results.enr.clarityelections.com/TX/Bell/,200,681804aa6eab2ec4ceaf55eecde80202f91088b2777b1e3630a3dfe7a824b981,200,27
Bexar,https://results.enr.clarityelections.com/TX/Bexar/,200,01c8659dd92643a34505866f52a3c04e0ff8a35da25e9337a6b664bdd5d3bb6e,200,0
Blanco,https://results.enr.clarityelections.com/TX/Blanco/,404,6440c95aec584aedc40b580f591b15cb141bed997af6771a680ecedf8645f9e8,404,0
Borden,https://results.enr.clarityelections.com/TX/Borden/,404,6440c95aec584aedc40b580f591b15cb141bed997af6771a680ecedf8645f9e8,404,0
Bosque,https://results.enr.clarityelections.com/TX/Bosque/,404,6440c95aec584aedc40b580f591b15cb141bed997af6771a680ecedf8645f9e8,404,0
Bowie,https://results.enr.clarityelections.com/TX/Bowie/,404,6440c95aec584aedc40b580f591b15cb141bed997af6771a680ecedf8645f9e8,404,0
Brazoria,https://results.enr.clarityelections.com/TX/Brazoria/,404,6440c95aec584aedc40b580f591b15cb141bed997af6771a680ecedf8645f9e8,404,0
Brazos,https://results.enr.clarityelections.com/TX/Brazos/,404,6440c95aec584aedc40b580f591b15cb141bed997af6771a680ecedf8645f9e8,404,0
Brewster,https://results.enr.clarityelections.com/TX/Brewster/,404,6440c95aec584aedc40b580f591b15cb141bed997af6771a680ecedf8645f9e8,404,0
Briscoe,https://results.enr.clarityelections.com/TX/Briscoe/,404,6440c95aec584aedc40b580f591b15cb141bed997af6771a680ecedf8645f9e8,404,0
Brooks,https://results.enr.clarityelections.com/TX/Brooks/,404,6440c95aec584aedc40b580f591b15cb141bed997af6771a680ecedf8645f9e8,404,0
Brown,https://results.enr.clarityelections.com/TX/Brown/,404,6440c95aec584aedc40b580f591b15cb141bed997af6771a680ecedf8645f9e8,404,0
Burleson,https://results.enr.clarityelections.com/TX/Burleson/,404,6440c95aec584aedc40b580f591b15cb141bed997af6771a680ecedf8645f9e8,404,0
Burnet,https://results.enr.clarityelections.com/TX/Burnet/,404,6440c95aec584aedc40b580f591b15cb141bed997af6771a680ecedf8645f9e8,404,0
Caldwell,https://results.enr.clarityelections.com/TX/Caldwell/,404,6440c95aec584aedc40b580f591b15cb141bed997af6771a680ecedf8645f9e8,404,0
Calhoun,https://results.enr.clarityelections.com/TX/Calhoun/,404,6440c95aec584aedc40b580f591b15cb141bed997af6771a680ecedf8645f9e8,404,0
Callahan,https://results.enr.clarityelections.com/TX/Callahan/,404,6440c95aec584aedc40b580f591b15cb141bed997af6771a680ecedf8645f9e8,404,0
Cameron,https://results.enr.clarityelections.com/TX/Cameron/,404,6440c95aec584aedc40b580f591b15cb141bed997af6771a680ecedf8645f9e8,404,0
Camp,https://results.enr.clarityelections.com/TX/Camp/,404,6440c95aec584aedc40b580f591b15cb141bed997af6771a680ecedf8645f9e8,404,0
Carson,https://results.enr.clarityelections.com/TX/Carson/,404,6440c95aec584aedc40b580f591b15cb141bed997af6771a680ecedf8645f9e8,404,0
Cass,https://results.enr.clarityelections.com/TX/Cass/,404,6440c95aec584aedc40b580f591b15cb141bed997af6771a680ecedf8645f9e8,404,0
Castro,https://results.enr.clarityelections.com/TX/Castro/,404,6440c95aec584aedc40b580f591b15cb141bed997af6771a680ecedf8645f9e8,404,0
Chambers,https://results.enr.clarityelections.com/TX/Chambers/,404,6440c95aec584aedc40b580f591b15cb141bed997af6771a680ecedf8645f9e8,404,0
Cherokee,https://results.enr.clarityelections.com/TX/Cherokee/,404,6440c95aec584aedc40b580f591b15cb141bed997af6771a680ecedf8645f9e8,404,0
Childress,https://results.enr.clarityelections.com/TX/Childress/,404,6440c95aec584aedc40b580f591b15cb141bed997af6771a680ecedf8645f9e8,404,0
Clay,https://results.enr.clarityelections.com/TX/Clay/,200,65ff5339da9fabfde48d3bd7e3e750006fe8b44182aaa8e3a8beb398d75eae21,404,0
Cochran,https://results.enr.clarityelections.com/TX/Cochran/,404,6440c95aec584aedc40b580f591b15cb141bed997af6771a680ecedf8645f9e8,404,0
Coke,https://results.enr.clarityelections.com/TX/Coke/,404,6440c95aec584aedc40b580f591b15cb141bed997af6771a680ecedf8645f9e8,404,0
Coleman,https://results.enr.clarityelections.com/TX/Coleman/,404,6440c95aec584aedc40b580f591b15cb141bed997af6771a680ecedf8645f9e8,404,0
Collin,https://results.enr.clarityelections.com/TX/Collin/,404,6440c95aec584aedc40b580f591b15cb141bed997af6771a680ecedf8645f9e8,404,0
Collingsworth,https://results.enr.clarityelections.com/TX/Collingsworth/,404,6440c95aec584aedc40b580f591b15cb141bed997af6771a680ecedf8645f9e8,404,0
Colorado,https://results.enr.clarityelections.com/TX/Colorado/,404,6440c95aec584aedc40b580f591b15cb141bed997af6771a680ecedf8645f9e8,404,0
Comal,https://results.enr.clarityelections.com/TX/Comal/,200,65ff5339da9fabfde48d3bd7e3e750006fe8b44182aaa8e3a8beb398d75eae21,200,31
Comanche,https://results.enr.clarityelections.com/TX/Comanche/,404,6440c95aec584aedc40b580f591b15cb141bed997af6771a680ecedf8645f9e8,404,0
Concho,https://results.enr.clarityelections.com/TX/Concho/,404,6440c95aec584aedc40b580f591b15cb141bed997af6771a680ecedf8645f9e8,404,0
Cooke,https://results.enr.clarityelections.com/TX/Cooke/,404,6440c95aec584aedc40b580f591b15cb141bed997af6771a680ecedf8645f9e8,404,0
Coryell,https://results.enr.clarityelections.com/TX/Coryell/,404,6440c95aec584aedc40b580f591b15cb141bed997af6771a680ecedf8645f9e8,404,0
Cottle,https://results.enr.clarityelections.com/TX/Cottle/,404,6440c95aec584aedc40b580f591b15cb141bed997af6771a680ecedf8645f9e8,404,0
Crane,https://results.enr.clarityelections.com/TX/Crane/,404,6440c95aec584aedc40b580f591b15cb141bed997af6771a680ecedf8645f9e8,404,0
Crockett,https://results.enr.clarityelections.com/TX/Crockett/,404,6440c95aec584aedc40b580f591b15cb141bed997af6771a680ecedf8645f9e8,404,0
Crosby,https://results.enr.clarityelections.com/TX/Crosby/,404,6440c95aec584aedc40b580f591b15cb141bed997af6771a680ecedf8645f9e8,404,0
Culberson,https://results.enr.clarityelections.com/TX/Culberson/,404,6440c95aec584aedc40b580f591b15cb141bed997af6771a680ecedf8645f9e8,404,0
Dallam,https://results.enr.clarityelections.com/TX/Dallam/,404,6440c95aec584aedc40b580f591b15cb141bed997af6771a680ecedf8645f9e8,404,0
Dallas,https://results.enr.clarityelections.com/TX/Dallas/,200,9d9c62e001c1cc91077463268f1229970c2ee6d3f07e7d83adc8b903c2a252ef,200,2
Dawson,https://results.enr.clarityelections.com/TX/Dawson/,404,6440c95aec584aedc40b580f591b15cb141bed997af6771a680ecedf8645f9e8,404,0
DeWitt,https://results.enr.clarityelections.com/TX/DeWitt/,404,6440c95aec584aedc40b580f591b15cb141bed997af6771a680ecedf8645f9e8,404,0
Deaf Smith,https://results.enr.clarityelections.com/TX/Deaf_Smith/,404,6440c95aec584aedc40b580f591b15cb141bed997af6771a680ecedf8645f9e8,404,0
Delta,https://results.enr.clarityelections.com/TX/Delta/,404,6440c95aec584aedc40b580f591b15cb141bed997af6771a680ecedf8645f9e8,404,0
Denton,https://results.enr.clarityelections.com/TX/Denton/,200,681804aa6eab2ec4ceaf55eecde80202f91088b2777b1e3630a3dfe7a824b981,200,87
Dickens,https://results.enr.clarityelections.com/TX/Dickens/,404,6440c95aec584aedc40b580f591b15cb141bed997af6771a680ecedf8645f9e8,404,0
Dimmit,https://results.enr.clarityelections.com/TX/Dimmit/,404,6440c95aec584aedc40b580f591b15cb141bed997af6771a680ecedf8645f9e8,404,0
Donley,https://results.enr.clarityelections.com/TX/Donley/,404,6440c95aec584aedc40b580f591b15cb141bed997af6771a680ecedf8645f9e8,404,0
Duval,https://results.enr.clarityelections.com/TX/Duval/,404,6440c95aec584aedc40b580f591b15cb141bed997af6771a680ecedf8645f9e8,404,0
Eastland,https://results.enr.clarityelections.com/TX/Eastland/,404,6440c95aec584aedc40b580f591b15cb141bed997af6771a680ecedf8645f9e8,404,0
Ector,https://results.enr.clarityelections.com/TX/Ector/,404,6440c95aec584aedc40b580f591b15cb141bed997af6771a680ecedf8645f9e8,404,0
Edwards,https://results.enr.clarityelections.com/TX/Edwards/,404,6440c95aec584aedc40b580f591b15cb141bed997af6771a680ecedf8645f9e8,404,0
El Paso,https://results.enr.clarityelections.com/TX/El_Paso/,200,681804aa6eab2ec4ceaf55eecde80202f91088b2777b1e3630a3dfe7a824b981,200,63
Ellis,https://results.enr.clarityelections.com/TX/Ellis/,404,6440c95aec584aedc40b580f591b15cb141bed997af6771a680ecedf8645f9e8,404,0
Erath,https://results.enr.clarityelections.com/TX/Erath/,404,6440c95aec584aedc40b580f591b15cb141bed997af6771a680ecedf8645f9e8,404,0
Falls,https://results.enr.clarityelections.com/TX/Falls/,404,6440c95aec584aedc40b580f591b15cb141bed997af6771a680ecedf8645f9e8,404,0
Fannin,https://results.enr.clarityelections.com/TX/Fannin/,404,6440c95aec584aedc40b580f591b15cb141bed997af6771a680ecedf8645f9e8,404,0
Fayette,https://results.enr.clarityelections.com/TX/Fayette/,404,6440c95aec584aedc40b580f591b15cb141bed997af6771a680ecedf8645f9e8,404,0
Fisher,https://results.enr.clarityelections.com/TX/Fisher/,404,6440c95aec584aedc40b580f591b15cb141bed997af6771a680ecedf8645f9e8,404,0
Floyd,https://results.enr.clarityelections.com/TX/Floyd/,404,6440c95aec584aedc40b580f591b15cb141bed997af6771a680ecedf8645f9e8,404,0
Foard,https://results.enr.clarityelections.com/TX/Foard/,404,6440c95aec584aedc40b580f591b15cb141bed997af6771a680ecedf8645f9e8,404,0
Fort Bend,https://results.enr.clarityelections.com/TX/Fort_Bend/,200,9d9c62e001c1cc91077463268f1229970c2ee6d3f07e7d83adc8b903c2a252ef,200,39
Franklin,https://results.enr.clarityelections.com/TX/Franklin/,404,6440c95aec584aedc40b580f591b15cb141bed997af6771a680ecedf8645f9e8,404,0
Freestone,https://results.enr.clarityelections.com/TX/Freestone/,404,6440c95aec584aedc40b580f591b15cb141bed997af6771a680ecedf8645f9e8,404,0
Frio,https://results.enr.clarityelections.com/TX/Frio/,404,6440c95aec584aedc40b580f591b15cb141bed997af6771a680ecedf8645f9e8,404,0
Gaines,https://results.enr.clarityelections.com/TX/Gaines/,404,6440c95aec584aedc40b580f591b15cb141bed997af6771a680ecedf8645f9e8,404,0
Galveston,https://results.enr.clarityelections.com/TX/Galveston/,200,681804aa6eab2ec4ceaf55eecde80202f91088b2777b1e3630a3dfe7a824b981,200,14
Garza,https://results.enr.clarityelections.com/TX/Garza/,404,6440c95aec584aedc40b580f591b15cb141bed997af6771a680ecedf8645f9e8,404,0
Gillespie,https://results.enr.clarityelections.com/TX/Gillespie/,404,6440c95aec584aedc40b580f591b15cb141bed997af6771a680ecedf8645f9e8,404,0
Glasscock,https://results.enr.clarityelections.com/TX/Glasscock/,404,6440c95aec584aedc40b580f591b15cb141bed997af6771a680ecedf8645f9e8,404,0
Goliad,https://results.enr.clarityelections.com/TX/Goliad/,404,6440c95aec584aedc40b580f591b15cb141bed997af6771a680ecedf8645f9e8,404,0
Gonzales,https://results.enr.clarityelections.com/TX/Gonzales/,404,6440c95aec584aedc40b580f591b15cb141bed997af6771a680ecedf8645f9e8,404,0
Gray,https://results.enr.clarityelections.com/TX/Gray/,404,6440c95aec584aedc40b580f591b15cb141bed997af6771a680ecedf8645f9e8,404,0
Grayson,https://results.enr.clarityelections.com/TX/Grayson/,404,6440c95aec584aedc40b580f591b15cb141bed997af6771a680ecedf8645f9e8,404,0
Gregg,https://results.enr.clarityelections.com/TX/Gregg/,200,9d9c62e001c1cc91077463268f1229970c2ee6d3f07e7d83adc8b903c2a252ef,200,30
Grimes,https://results.enr.clarityelections.com/TX/Grimes/,404,6440c95aec584aedc40b580f591b15cb141bed997af6771a680ecedf8645f9e8,404,0
Guadalupe,https://results.enr.clarityelections.com/TX/Guadalupe/,200,b80682eed1098e4453dcf2d31e46764b905f21ea8b806c58394d2864ce5b2be8,200,12
Hale,https://results.enr.clarityelections.com/TX/Hale/,404,6440c95aec584aedc40b580f591b15cb141bed997af6771a680ecedf8645f9e8,404,0
Hall,https://results.enr.clarityelections.com/TX/Hall/,404,6440c95aec584aedc40b580f591b15cb141bed997af6771a680ecedf8645f9e8,404,0
Hamilton,https://results.enr.clarityelections.com/TX/Hamilton/,404,6440c95aec584aedc40b580f591b15cb141bed997af6771a680ecedf8645f9e8,404,0
Hansford,https://results.enr.clarityelections.com/TX/Hansford/,404,6440c95aec584aedc40b580f591b15cb141bed997af6771a680ecedf8645f9e8,404,0
Hardeman,https://results.enr.clarityelections.com/TX/Hardeman/,404,6440c95aec584aedc40b580f591b15cb141bed997af6771a680ecedf8645f9e8,404,0
Hardin,https://results.enr.clarityelections.com/TX/Hardin/,404,6440c95aec584aedc40b580f591b15cb141bed997af6771a680ecedf8645f9e8,404,0
Harris,https://results.enr.clarityelections.com/TX/Harris/,404,6440c95aec584aedc40b580f591b15cb141bed997af6771a680ecedf8645f9e8,404,0
Harrison,https://results.enr.clarityelections.com/TX/Harrison/,404,6440c95aec584aedc40b580f591b15cb141bed997af6771a680ecedf8645f9e8,404,0
Hartley,https://results.enr.clarityelections.com/TX/Hartley/,404,6440c95aec584aedc40b580f591b15cb141bed997af6771a680ecedf8645f9e8,404,0
Haskell,https://results.enr.clarityelections.com/TX/Haskell/,404,6440c95aec584aedc40b580f591b15cb141bed997af6771a680ecedf8645f9e8,404,0
Hays,https://results.enr.clarityelections.com/TX/Hays/,404,6440c95aec584aedc40b580f591b15cb141bed997af6771a680ecedf8645f9e8,404,0
Hemphill,https://results.enr.clarityelections.com/TX/Hemphill/,404,6440c95aec584aedc40b580f591b15cb141bed997af6771a680ecedf8645f9e8,404,0
Henderson,https://results.enr.clarityelections.com/TX/Henderson/,404,6440c95aec584aedc40b580f591b15cb141bed997af6771a680ecedf8645f9e8,404,0
Hidalgo,https://results.enr.clarityelections.com/TX/Hidalgo/,200,681804aa6eab2ec4ceaf55eecde80202f91088b2777b1e3630a3dfe7a824b981,200,96
Hill,https://results.enr.clarityelections.com/TX/Hill/,404,6440c95aec584aedc40b580f591b15cb141bed997af6771a680ecedf8645f9e8,404,0
Hockley,https://results.enr.clarityelections.com/TX/Hockley/,404,6440c95aec584aedc40b580f591b15cb141bed997af6771a680ecedf8645f9e8,404,0
Hood,https://results.enr.clarityelections.com/TX/Hood/,200,9d9c62e001c1cc91077463268f1229970c2ee6d3f07e7d83adc8b903c2a252ef,200,39
Hopkins,https://results.enr.clarityelections.com/TX/Hopkins/,404,6440c95aec584aedc40b580f591b15cb141bed997af6771a680ecedf8645f9e8,404,0
Houston,https://results.enr.clarityelections.com/TX/Houston/,404,6440c95aec584aedc40b580f591b15cb141bed997af6771a680ecedf8645f9e8,404,0
Howard,https://results.enr.clarityelections.com/TX/Howard/,404,6440c95aec584aedc40b580f591b15cb141bed997af6771a680ecedf8645f9e8,404,0
Hudspeth,https://results.enr.clarityelections.com/TX/Hudspeth/,404,6440c95aec584aedc40b580f591b15cb141bed997af6771a680ecedf8645f9e8,404,0
Hunt,https://results.enr.clarityelections.com/TX/Hunt/,200,9d9c62e001c1cc91077463268f1229970c2ee6d3f07e7d83adc8b903c2a252ef,200,0
Hutchinson,https://results.enr.clarityelections.com/TX/Hutchinson/,404,6440c95aec584aedc40b580f591b15cb141bed997af6771a680ecedf8645f9e8,404,0
Irion,https://results.enr.clarityelections.com/TX/Irion/,404,6440c95aec584aedc40b580f591b15cb141bed997af6771a680ecedf8645f9e8,404,0
Jack,https://results.enr.clarityelections.com/TX/Jack/,404,6440c95aec584aedc40b580f591b15cb141bed997af6771a680ecedf8645f9e8,404,0
Jackson,https://results.enr.clarityelections.com/TX/Jackson/,404,6440c95aec584aedc40b580f591b15cb141bed997af6771a680ecedf8645f9e8,404,0
Jasper,https://results.enr.clarityelections.com/TX/Jasper/,404,6440c95aec584aedc40b580f591b15cb141bed997af6771a680ecedf8645f9e8,404,0
Jeff Davis,https://results.enr.clarityelections.com/TX/Jeff_Davis/,404,6440c95aec584aedc40b580f591b15cb141bed997af6771a680ecedf8645f9e8,404,0
Jefferson,https://results.enr.clarityelections.com/TX/Jefferson/,200,681804aa6eab2ec4ceaf55eecde80202f91088b2777b1e3630a3dfe7a824b981,200,0
Jim Hogg,https://results.enr.clarityelections.com/TX/Jim_Hogg/,404,6440c95aec584aedc40b580f591b15cb141bed997af6771a680ecedf8645f9e8,404,0
Jim Wells,https://results.enr.clarityelections.com/TX/Jim_Wells/,404,6440c95aec584aedc40b580f591b15cb141bed997af6771a680ecedf8645f9e8,404,0
Johnson,https://results.enr.clarityelections.com/TX/Johnson/,404,6440c95aec584aedc40b580f591b15cb141bed997af6771a680ecedf8645f9e8,404,0
Jones,https://results.enr.clarityelections.com/TX/Jones/,404,6440c95aec584aedc40b580f591b15cb141bed997af6771a680ecedf8645f9e8,404,0
Karnes,https://results.enr.clarityelections.com/TX/Karnes/,404,6440c95aec584aedc40b580f591b15cb141bed997af6771a680ecedf8645f9e8,404,0
Kaufman,https://results.enr.clarityelections.com/TX/Kaufman/,200,9d9c62e001c1cc91077463268f1229970c2ee6d3f07e7d83adc8b903c2a252ef,200,19
Kendall,https://results.enr.clarityelections.com/TX/Kendall/,200,681804aa6eab2ec4ceaf55eecde80202f91088b2777b1e3630a3dfe7a824b981,200,0
Kenedy,https://results.enr.clarityelections.com/TX/Kenedy/,404,6440c95aec584aedc40b580f591b15cb141bed997af6771a680ecedf8645f9e8,404,0
Kent,https://results.enr.clarityelections.com/TX/Kent/,404,6440c95aec584aedc40b580f591b15cb141bed997af6771a680ecedf8645f9e8,404,0
Kerr,https://results.enr.clarityelections.com/TX/Kerr/,404,6440c95aec584aedc40b580f591b15cb141bed997af6771a680ecedf8645f9e8,404,0
Kimble,https://results.enr.clarityelections.com/TX/Kimble/,404,6440c95aec584aedc40b580f591b15cb141bed997af6771a680ecedf8645f9e8,404,0
King,https://results.enr.clarityelections.com/TX/King/,404,6440c95aec584aedc40b580f591b15cb141bed997af6771a680ecedf8645f9e8,404,0
Kinney,https://results.enr.clarityelections.com/TX/Kinney/,404,6440c95aec584aedc40b580f591b15cb141bed997af6771a680ecedf8645f9e8,404,0
Kleberg,https://results.enr.clarityelections.com/TX/Kleberg/,404,6440c95aec584aedc40b580f591b15cb141bed997af6771a680ecedf8645f9e8,404,0
Knox,https://results.enr.clarityelections.com/TX/Knox/,404,6440c95aec584aedc40b580f591b15cb141bed997af6771a680ecedf8645f9e8,404,0
La Salle,https://results.enr.clarityelections.com/TX/La_Salle/,404,6440c95aec584aedc40b580f591b15cb141bed997af6771a680ecedf8645f9e8,404,0
Lamar,https://results.enr.clarityelections.com/TX/Lamar/,200,9d9c62e001c1cc91077463268f1229970c2ee6d3f07e7d83adc8b903c2a252ef,200,41
Lamb,https://results.enr.clarityelections.com/TX/Lamb/,404,6440c95aec584aedc40b580f591b15cb141bed997af6771a680ecedf8645f9e8,404,0
Lampasas,https://results.enr.clarityelections.com/TX/Lampasas/,404,6440c95aec584aedc40b580f591b15cb141bed997af6771a680ecedf8645f9e8,404,0
Lavaca,https://results.enr.clarityelections.com/TX/Lavaca/,404,6440c95aec584aedc40b580f591b15cb141bed997af6771a680ecedf8645f9e8,404,0
Lee,https://results.enr.clarityelections.com/TX/Lee/,404,6440c95aec584aedc40b580f591b15cb141bed997af6771a680ecedf8645f9e8,404,0
Leon,https://results.enr.clarityelections.com/TX/Leon/,404,6440c95aec584aedc40b580f591b15cb141bed997af6771a680ecedf8645f9e8,404,0
Liberty,https://results.enr.clarityelections.com/TX/Liberty/,403,32f2fa940d4b4fe19aca1e53a24e5aac29c57b7c5ee78588325b87f1b649c864,403,0
Limestone,https://results.enr.clarityelections.com/TX/Limestone/,404,6440c95aec584aedc40b580f591b15cb141bed997af6771a680ecedf8645f9e8,404,0
Lipscomb,https://results.enr.clarityelections.com/TX/Lipscomb/,404,6440c95aec584aedc40b580f591b15cb141bed997af6771a680ecedf8645f9e8,404,0
Live Oak,https://results.enr.clarityelections.com/TX/Live_Oak/,404,6440c95aec584aedc40b580f591b15cb141bed997af6771a680ecedf8645f9e8,404,0
Llano,https://results.enr.clarityelections.com/TX/Llano/,404,6440c95aec584aedc40b580f591b15cb141bed997af6771a680ecedf8645f9e8,404,0
Loving,https://results.enr.clarityelections.com/TX/Loving/,404,6440c95aec584aedc40b580f591b15cb141bed997af6771a680ecedf8645f9e8,404,0
Lubbock,https://results.enr.clarityelections.com/TX/Lubbock/,200,681804aa6eab2ec4ceaf55eecde80202f91088b2777b1e3630a3dfe7a824b981,200,0
Lynn,https://results.enr.clarityelections.com/TX/Lynn/,404,6440c95aec584aedc40b580f591b15cb141bed997af6771a680ecedf8645f9e8,404,0
Madison,https://results.enr.clarityelections.com/TX/Madison/,404,6440c95aec584aedc40b580f591b15cb141bed997af6771a680ecedf8645f9e8,404,0
Marion,https://results.enr.clarityelections.com/TX/Marion/,404,6440c95aec584aedc40b580f591b15cb141bed997af6771a680ecedf8645f9e8,404,0
Martin,https://results.enr.clarityelections.com/TX/Martin/,404,6440c95aec584aedc40b580f591b15cb141bed997af6771a680ecedf8645f9e8,404,0
Mason,https://results.enr.clarityelections.com/TX/Mason/,404,6440c95aec584aedc40b580f591b15cb141bed997af6771a680ecedf8645f9e8,404,0
Matagorda,https://results.enr.clarityelections.com/TX/Matagorda/,404,6440c95aec584aedc40b580f591b15cb141bed997af6771a680ecedf8645f9e8,404,0
Maverick,https://results.enr.clarityelections.com/TX/Maverick/,404,6440c95aec584aedc40b580f591b15cb141bed997af6771a680ecedf8645f9e8,404,0
McCulloch,https://results.enr.clarityelections.com/TX/McCulloch/,404,6440c95aec584aedc40b580f591b15cb141bed997af6771a680ecedf8645f9e8,404,0
McLennan,https://results.enr.clarityelections.com/TX/McLennan/,404,6440c95aec584aedc40b580f591b15cb141bed997af6771a680ecedf8645f9e8,404,0
McMullen,https://results.enr.clarityelections.com/TX/McMullen/,404,6440c95aec584aedc40b580f591b15cb141bed997af6771a680ecedf8645f9e8,404,0
Medina,https://results.enr.clarityelections.com/TX/Medina/,404,6440c95aec584aedc40b580f591b15cb141bed997af6771a680ecedf8645f9e8,404,0
Menard,https://results.enr.clarityelections.com/TX/Menard/,404,6440c95aec584aedc40b580f591b15cb141bed997af6771a680ecedf8645f9e8,404,0
Midland,https://results.enr.clarityelections.com/TX/Midland/,200,9d9c62e001c1cc91077463268f1229970c2ee6d3f07e7d83adc8b903c2a252ef,200,9
Milam,https://results.enr.clarityelections.com/TX/Milam/,404,6440c95aec584aedc40b580f591b15cb141bed997af6771a680ecedf8645f9e8,404,0
Mills,https://results.enr.clarityelections.com/TX/Mills/,404,6440c95aec584aedc40b580f591b15cb141bed997af6771a680ecedf8645f9e8,404,0
Mitchell,https://results.enr.clarityelections.com/TX/Mitchell/,404,6440c95aec584aedc40b580f591b15cb141bed997af6771a680ecedf8645f9e8,404,0
Montague,https://results.enr.clarityelections.com/TX/Montague/,200,681804aa6eab2ec4ceaf55eecde80202f91088b2777b1e3630a3dfe7a824b981,200,0
Montgomery,https://results.enr.clarityelections.com/TX/Montgomery/,404,6440c95aec584aedc40b580f591b15cb141bed997af6771a680ecedf8645f9e8,404,0
Moore,https://results.enr.clarityelections.com/TX/Moore/,404,6440c95aec584aedc40b580f591b15cb141bed997af6771a680ecedf8645f9e8,404,0
Morris,https://results.enr.clarityelections.com/TX/Morris/,404,6440c95aec584aedc40b580f591b15cb141bed997af6771a680ecedf8645f9e8,404,0
Motley,https://results.enr.clarityelections.com/TX/Motley/,404,6440c95aec584aedc40b580f591b15cb141bed997af6771a680ecedf8645f9e8,404,0
Nacogdoches,https://results.enr.clarityelections.com/TX/Nacogdoches/,404,6440c95aec584aedc40b580f591b15cb141bed997af6771a680ecedf8645f9e8,404,0
Navarro,https://results.enr.clarityelections.com/TX/Navarro/,404,6440c95aec584aedc40b580f591b15cb141bed997af6771a680ecedf8645f9e8,404,0
Newton,https://results.enr.clarityelections.com/TX/Newton/,404,6440c95aec584aedc40b580f591b15cb141bed997af6771a680ecedf8645f9e8,404,0
Nolan,https://results.enr.clarityelections.com/TX/Nolan/,404,6440c95aec584aedc40b580f591b15cb141bed997af6771a680ecedf8645f9e8,404,0
Nueces,https://results.enr.clarityelections.com/TX/Nueces/,200,9d9c62e001c1cc91077463268f1229970c2ee6d3f07e7d83adc8b903c2a252ef,200,32
Ochiltree,https://results.enr.clarityelections.com/TX/Ochiltree/,404,6440c95aec584aedc40b580f591b15cb141bed997af6771a680ecedf8645f9e8,404,0
Oldham,https://results.enr.clarityelections.com/TX/Oldham/,404,6440c95aec584aedc40b580f591b15cb141bed997af6771a680ecedf8645f9e8,404,0
Orange,https://results.enr.clarityelections.com/TX/Orange/,404,6440c95aec584aedc40b580f591b15cb141bed997af6771a680ecedf8645f9e8,404,0
Palo Pinto,https://results.enr.clarityelections.com/TX/Palo_Pinto/,404,6440c95aec584aedc40b580f591b15cb141bed997af6771a680ecedf8645f9e8,404,0
Panola,https://results.enr.clarityelections.com/TX/Panola/,404,6440c95aec584aedc40b580f591b15cb141bed997af6771a680ecedf8645f9e8,404,0
Parker,https://results.enr.clarityelections.com/TX/Parker/,200,681804aa6eab2ec4ceaf55eecde80202f91088b2777b1e3630a3dfe7a824b981,200,0
Parmer,https://results.enr.clarityelections.com/TX/Parmer/,404,6440c95aec584aedc40b580f591b15cb141bed997af6771a680ecedf8645f9e8,404,0
Pecos,https://results.enr.clarityelections.com/TX/Pecos/,404,6440c95aec584aedc40b580f591b15cb141bed997af6771a680ecedf8645f9e8,404,0
Polk,https://results.enr.clarityelections.com/TX/Polk/,404,6440c95aec584aedc40b580f591b15cb141bed997af6771a680ecedf8645f9e8,404,0
Potter,https://results.enr.clarityelections.com/TX/Potter/,403,32f2fa940d4b4fe19aca1e53a24e5aac29c57b7c5ee78588325b87f1b649c864,403,0
Presidio,https://results.enr.clarityelections.com/TX/Presidio/,404,6440c95aec584aedc40b580f591b15cb141bed997af6771a680ecedf8645f9e8,404,0
Rains,https://results.enr.clarityelections.com/TX/Rains/,404,6440c95aec584aedc40b580f591b15cb141bed997af6771a680ecedf8645f9e8,404,0
Randall,https://results.enr.clarityelections.com/TX/Randall/,404,6440c95aec584aedc40b580f591b15cb141bed997af6771a680ecedf8645f9e8,404,0
Reagan,https://results.enr.clarityelections.com/TX/Reagan/,404,6440c95aec584aedc40b580f591b15cb141bed997af6771a680ecedf8645f9e8,404,0
Real,https://results.enr.clarityelections.com/TX/Real/,404,6440c95aec584aedc40b580f591b15cb141bed997af6771a680ecedf8645f9e8,404,0
Red River,https://results.enr.clarityelections.com/TX/Red_River/,404,6440c95aec584aedc40b580f591b15cb141bed997af6771a680ecedf8645f9e8,404,0
Reeves,https://results.enr.clarityelections.com/TX/Reeves/,404,6440c95aec584aedc40b580f591b15cb141bed997af6771a680ecedf8645f9e8,404,0
Refugio,https://results.enr.clarityelections.com/TX/Refugio/,404,6440c95aec584aedc40b580f591b15cb141bed997af6771a680ecedf8645f9e8,404,0
Roberts,https://results.enr.clarityelections.com/TX/Roberts/,404,6440c95aec584aedc40b580f591b15cb141bed997af6771a680ecedf8645f9e8,404,0
Robertson,https://results.enr.clarityelections.com/TX/Robertson/,200,681804aa6eab2ec4ceaf55eecde80202f91088b2777b1e3630a3dfe7a824b981,404,0
Rockwall,https://results.enr.clarityelections.com/TX/Rockwall/,200,9d9c62e001c1cc91077463268f1229970c2ee6d3f07e7d83adc8b903c2a252ef,200,59
Runnels,https://results.enr.clarityelections.com/TX/Runnels/,404,6440c95aec584aedc40b580f591b15cb141bed997af6771a680ecedf8645f9e8,404,0
Rusk,https://results.enr.clarityelections.com/TX/Rusk/,200,9d9c62e001c1cc91077463268f1229970c2ee6d3f07e7d83adc8b903c2a252ef,200,33
Sabine,https://results.enr.clarityelections.com/TX/Sabine/,404,6440c95aec584aedc40b580f591b15cb141bed997af6771a680ecedf8645f9e8,404,0
San Augustine,https://results.enr.clarityelections.com/TX/San_Augustine/,404,6440c95aec584aedc40b580f591b15cb141bed997af6771a680ecedf8645f9e8,404,0
San Jacinto,https://results.enr.clarityelections.com/TX/San_Jacinto/,404,6440c95aec584aedc40b580f591b15cb141bed997af6771a680ecedf8645f9e8,404,0
San Patricio,https://results.enr.clarityelections.com/TX/San_Patricio/,404,6440c95aec584aedc40b580f591b15cb141bed997af6771a680ecedf8645f9e8,404,0
San Saba,https://results.enr.clarityelections.com/TX/San_Saba/,404,6440c95aec584aedc40b580f591b15cb141bed997af6771a680ecedf8645f9e8,404,0
Schleicher,https://results.enr.clarityelections.com/TX/Schleicher/,404,6440c95aec584aedc40b580f591b15cb141bed997af6771a680ecedf8645f9e8,404,0
Scurry,https://results.enr.clarityelections.com/TX/Scurry/,404,6440c95aec584aedc40b580f591b15cb141bed997af6771a680ecedf8645f9e8,404,0
Shackelford,https://results.enr.clarityelections.com/TX/Shackelford/,404,6440c95aec584aedc40b580f591b15cb141bed997af6771a680ecedf8645f9e8,404,0
Shelby,https://results.enr.clarityelections.com/TX/Shelby/,404,6440c95aec584aedc40b580f591b15cb141bed997af6771a680ecedf8645f9e8,404,0
Sherman,https://results.enr.clarityelections.com/TX/Sherman/,404,6440c95aec584aedc40b580f591b15cb141bed997af6771a680ecedf8645f9e8,404,0
Smith,https://results.enr.clarityelections.com/TX/Smith/,404,6440c95aec584aedc40b580f591b15cb141bed997af6771a680ecedf8645f9e8,404,0
Somervell,https://results.enr.clarityelections.com/TX/Somervell/,404,6440c95aec584aedc40b580f591b15cb141bed997af6771a680ecedf8645f9e8,404,0
Starr,https://results.enr.clarityelections.com/TX/Starr/,404,6440c95aec584aedc40b580f591b15cb141bed997af6771a680ecedf8645f9e8,404,0
Stephens,https://results.enr.clarityelections.com/TX/Stephens/,404,6440c95aec584aedc40b580f591b15cb141bed997af6771a680ecedf8645f9e8,404,0
Sterling,https://results.enr.clarityelections.com/TX/Sterling/,404,6440c95aec584aedc40b580f591b15cb141bed997af6771a680ecedf8645f9e8,404,0
Stonewall,https://results.enr.clarityelections.com/TX/Stonewall/,404,6440c95aec584aedc40b580f591b15cb141bed997af6771a680ecedf8645f9e8,404,0
Sutton,https://results.enr.clarityelections.com/TX/Sutton/,404,6440c95aec584aedc40b580f591b15cb141bed997af6771a680ecedf8645f9e8,404,0
Swisher,https://results.enr.clarityelections.com/TX/Swisher/,404,6440c95aec584aedc40b580f591b15cb141bed997af6771a680ecedf8645f9e8,404,0
Tarrant,https://results.enr.clarityelections.com/TX/Tarrant/,200,681804aa6eab2ec4ceaf55eecde80202f91088b2777b1e3630a3dfe7a824b981,200,1
Taylor,https://results.enr.clarityelections.com/TX/Taylor/,404,6440c95aec584aedc40b580f591b15cb141bed997af6771a680ecedf8645f9e8,404,0
Terrell,https://results.enr.clarityelections.com/TX/Terrell/,404,6440c95aec584aedc40b580f591b15cb141bed997af6771a680ecedf8645f9e8,404,0
Terry,https://results.enr.clarityelections.com/TX/Terry/,404,6440c95aec584aedc40b580f591b15cb141bed997af6771a680ecedf8645f9e8,404,0
Throckmorton,https://results.enr.clarityelections.com/TX/Throckmorton/,404,6440c95aec584aedc40b580f591b15cb141bed997af6771a680ecedf8645f9e8,404,0
Titus,https://results.enr.clarityelections.com/TX/Titus/,404,6440c95aec584aedc40b580f591b15cb141bed997af6771a680ecedf8645f9e8,404,0
Tom Green,https://results.enr.clarityelections.com/TX/Tom_Green/,404,6440c95aec584aedc40b580f591b15cb141bed997af6771a680ecedf8645f9e8,404,0
Travis,https://results.enr.clarityelections.com/TX/Travis/,200,681804aa6eab2ec4ceaf55eecde80202f91088b2777b1e3630a3dfe7a824b981,200,16
Trinity,https://results.enr.clarityelections.com/TX/Trinity/,404,6440c95aec584aedc40b580f591b15cb141bed997af6771a680ecedf8645f9e8,404,0
Tyler,https://results.enr.clarityelections.com/TX/Tyler/,404,6440c95aec584aedc40b580f591b15cb141bed997af6771a680ecedf8645f9e8,404,0
Upshur,https://results.enr.clarityelections.com/TX/Upshur/,404,6440c95aec584aedc40b580f591b15cb141bed997af6771a680ecedf8645f9e8,404,0
Upton,https://results.enr.clarityelections.com/TX/Upton/,404,6440c95aec584aedc40b580f591b15cb141bed997af6771a680ecedf8645f9e8,404,0
Uvalde,https://results.enr.clarityelections.com/TX/Uvalde/,404,6440c95aec584aedc40b580f591b15cb141bed997af6771a680ecedf8645f9e8,404,0
Val Verde,https://results.enr.clarityelections.com/TX/Val_Verde/,404,6440c95aec584aedc40b580f591b15cb141bed997af6771a680ecedf8645f9e8,404,0
Van Zandt,https://results.enr.clarityelections.com/TX/Van_Zandt/,404,6440c95aec584aedc40b580f591b15cb141bed997af6771a680ecedf8645f9e8,404,0
Victoria,https://results.enr.clarityelections.com/TX/Victoria/,200,9d9c62e001c1cc91077463268f1229970c2ee6d3f07e7d83adc8b903c2a252ef,200,0
Walker,https://results.enr.clarityelections.com/TX/Walker/,404,6440c95aec584aedc40b580f591b15cb141bed997af6771a680ecedf8645f9e8,404,0
Waller,https://results.enr.clarityelections.com/TX/Waller/,404,6440c95aec584aedc40b580f591b15cb141bed997af6771a680ecedf8645f9e8,404,0
Ward,https://results.enr.clarityelections.com/TX/Ward/,404,6440c95aec584aedc40b580f591b15cb141bed997af6771a680ecedf8645f9e8,404,0
Washington,https://results.enr.clarityelections.com/TX/Washington/,404,6440c95aec584aedc40b580f591b15cb141bed997af6771a680ecedf8645f9e8,404,0
Webb,https://results.enr.clarityelections.com/TX/Webb/,404,6440c95aec584aedc40b580f591b15cb141bed997af6771a680ecedf8645f9e8,404,0
Wharton,https://results.enr.clarityelections.com/TX/Wharton/,404,6440c95aec584aedc40b580f591b15cb141bed997af6771a680ecedf8645f9e8,404,0
Wheeler,https://results.enr.clarityelections.com/TX/Wheeler/,404,6440c95aec584aedc40b580f591b15cb141bed997af6771a680ecedf8645f9e8,404,0
Wichita,https://results.enr.clarityelections.com/TX/Wichita/,404,6440c95aec584aedc40b580f591b15cb141bed997af6771a680ecedf8645f9e8,404,0
Wilbarger,https://results.enr.clarityelections.com/TX/Wilbarger/,404,6440c95aec584aedc40b580f591b15cb141bed997af6771a680ecedf8645f9e8,404,0
Willacy,https://results.enr.clarityelections.com/TX/Willacy/,404,6440c95aec584aedc40b580f591b15cb141bed997af6771a680ecedf8645f9e8,404,0
Williamson,https://results.enr.clarityelections.com/TX/Williamson/,200,01c8659dd92643a34505866f52a3c04e0ff8a35da25e9337a6b664bdd5d3bb6e,200,1
Wilson,https://results.enr.clarityelections.com/TX/Wilson/,404,6440c95aec584aedc40b580f591b15cb141bed997af6771a680ecedf8645f9e8,404,0
Winkler,https://results.enr.clarityelections.com/TX/Winkler/,404,6440c95aec584aedc40b580f591b15cb141bed997af6771a680ecedf8645f9e8,404,0
Wise,https://results.enr.clarityelections.com/TX/Wise/,403,32f2fa940d4b4fe19aca1e53a24e5aac29c57b7c5ee78588325b87f1b649c864,403,0
Wood,https://results.enr.clarityelections.com/TX/Wood/,200,681804aa6eab2ec4ceaf55eecde80202f91088b2777b1e3630a3dfe7a824b981,200,39
Yoakum,https://results.enr.clarityelections.com/TX/Yoakum/,404,6440c95aec584aedc40b580f591b15cb141bed997af6771a680ecedf8645f9e8,404,0
Young,https://results.enr.clarityelections.com/TX/Young/,404,6440c95aec584aedc40b580f591b15cb141bed997af6771a680ecedf8645f9e8,404,0
Zapata,https://results.enr.clarityelections.com/TX/Zapata/,404,6440c95aec584aedc40b580f591b15cb141bed997af6771a680ecedf8645f9e8,404,0
Zavala,https://results.enr.clarityelections.com/TX/Zavala/,404,6440c95aec584aedc40b580f591b15cb141bed997af6771a680ecedf8645f9e8,404,0
