county,elections_json_status,n_elections_listed,lists_2024_general,lists_2026_primary,lists_2026_runoff,election_names
Anderson,404,0,n,n,n,
Andrews,404,0,n,n,n,
Angelina,404,0,n,n,n,
Aransas,404,0,n,n,n,
Archer,404,0,n,n,n,
Armstrong,404,0,n,n,n,
Atascosa,404,0,n,n,n,
Austin,404,0,n,n,n,
Bailey,404,0,n,n,n,
Bandera,404,0,n,n,n,
Bastrop,200,69,y,y,y,Primary Runoff Election (5/26/2026) | General and Special Elections (5/2/2026) | Primary Election (3/3/2026) | Constitutional Amendment and Special Elections (11/4/2025) | City of Bastrop Runoff Election (6/7/2025) | General and Special Elections (5/3/2025) | General and Special Elections (11/5/2024) | Primary Runoff Election (5/28/2024) | General and Special Elections (5/4/2024) | Primary Election (3/5/2024) | Constitutional Amendment and Special Elections (11/7/2023) | City of Bastrop Runoff Election (6/10/2023) | General and Special Elections (5/6/2023) | General Elections (11/8/2022) | Primary Runoff Election (5/24/2022) | Constitutional Amendment  and Special Election (5/7/2022) | Primary Election (3/1/2022) | City of Bastrop Special Election (1/29/2022) | Constitutional Amendment  and Special Election (11/2/2021) | Smithville City/School Election (5/1/2021) | Elgin City Election (5/1/2021) | Bastrop City/School/Elgin MUD1/Elgin MUD2 Election (5/1/2021) | General Election (11/3/2020) | Primary Runoff and Special Election (7/14/2020) | Primary Election (3/3/2020) | Constitutional Amendment Election (11/5/2019) | City of Bastrop Runoff Election (6/8/2019) | Bastrop City/School Election (5/4/2019) | Elgin City/School Election (5/4/2019) | Smithville City/School Election (5/4/2019) | ACC Runoff Election (12/11/2018) | General Election (11/6/2018) | Special Election (6/30/2018) | Primary Runoff Election (5/22/2018) | Bastrop City/School Election (5/5/2018) | Smithville City/School Election (5/5/2018) | Elgin City/School Election (5/5/2018) | Primary Election (3/6/2018) | Constitutional Amendment and Special Election (11/7/2017) | City of Bastrop Runoff Election (6/17/2017) | Bastrop City/School Election (5/6/2017) | Smithville City/School Election (5/6/2017) | Elgin City/School Election (5/6/2017) | ACC Runoff Election (12/13/2016) | General Election (11/8/2016) | Primary Runoff Election (5/24/2016) | Smithville City/School Election (5/7/2016) | Elgin City/School Election (5/7/2016) | Bastrop City/School Election (5/7/2016) | Primary Election (3/1/2016) | Constitutional Amendment Election (11/3/2015) | Bastrop County ESD #1 Election (5/9/2015) | Elgin City/School Election (5/9/2015) | Smithville City/School Election (5/9/2015) | Special Runoff Election (2/17/2015) | Special Election (1/6/2015) | ACC Runoff Election (12/16/2014) | General Election (11/4/2014) | Primary Runoff Election (5/27/2014) | Bastrop City/School Election (5/10/2014) | Smithville City/School Election (5/10/2014) | Elgin City/School Election (5/10/2014) | Primary Election (3/4/2014) | Constitutional Amendment/ Special Election (11/5/2013) | Bastrop City/School Election (5/11/2013) | Elgin City/School Election (5/11/2013) | General Election (11/5/2012) | Primary Runoff Election (7/31/2012) | Primary Election (5/29/2012)
Baylor,404,0,n,n,n,
Bee,404,0,n,n,n,
Bell,200,27,y,n,n,2025 Constitutional Amendment Election (11/4/2025) | 2024 General Election (11/5/2024) | 2024 Primary Runoff Election (5/28/2024) | 2024 Primary Election (3/5/2024) | 2023 November Constitutional Ammendment Elections (11/7/2023) | 2022 November 8 General Elections (11/8/2022) | 2022 Primary Runoff (5/24/2022) | 2022 Special Election (5/7/2022) | 2022 Primary Election (3/1/2022) | 2021 Constitutional Election (11/2/2021) | 2020 General Election (11/3/2020) | 2020 Primary Runoff Election (7/14/2020) | 2020 Primary Election (3/1/2020) | 2019 Constitutional Election (11/5/2019) | 2018 General Election (11/6/2018) | 2018 Primary Runoff Election (5/22/2018) | 2018 Primary Election (3/6/2018) | 2017 Constitutional Election (11/7/2017) | 2016 General Election (11/8/2016) | 2016 Primary Runoff Election (5/24/2016) | 2016 Primary Election (3/1/2016) | 2015 Constitutional Election (11/3/2015) | 2014 General Election (11/4/2014) | 2014 Primary Runoff Election (5/27/2014) | 2014 Primary Election (3/4/2014) | 2013 General Election (11/5/2013) | 2012 General Election (11/6/2012)
Bexar,200,0,n,n,n,
Blanco,404,0,n,n,n,
Borden,404,0,n,n,n,
Bosque,404,0,n,n,n,
Bowie,404,0,n,n,n,
Brazoria,404,0,n,n,n,
Brazos,404,0,n,n,n,
Brewster,404,0,n,n,n,
Briscoe,404,0,n,n,n,
Brooks,404,0,n,n,n,
Brown,404,0,n,n,n,
Burleson,404,0,n,n,n,
Burnet,404,0,n,n,n,
Caldwell,404,0,n,n,n,
Calhoun,404,0,n,n,n,
Callahan,404,0,n,n,n,
Cameron,404,0,n,n,n,
Camp,404,0,n,n,n,
Carson,404,0,n,n,n,
Cass,404,0,n,n,n,
Castro,404,0,n,n,n,
Chambers,404,0,n,n,n,
Cherokee,404,0,n,n,n,
Childress,404,0,n,n,n,
Clay,404,0,n,n,n,
Cochran,404,0,n,n,n,
Coke,404,0,n,n,n,
Coleman,404,0,n,n,n,
Collin,404,0,n,n,n,
Collingsworth,404,0,n,n,n,
Colorado,404,0,n,n,n,
Comal,200,31,y,n,n,"May 3, 2025 General and Special Elections (5/3/2025) | November 5, 2024 General Election (11/5/2024) | May 28, 2024 Primary Runoff (5/28/2024) | May 4, 2024 General and Special Elections (5/4/2024) | March 5, 2024 Primary Election (3/5/2024) | November 7, 2023 General and Special Elections (11/7/2023) | May 6, 2023 General and Special Elections (5/6/2023) | 2022 GENERAL ELECTION (11/3/2022) | 2022 Democratic and Republican Primaries Runoff (5/24/2022) | MAY 7, 2022 CONSTITUTIONAL AMENDMENT (5/7/2022) | 2022 Democratic and Republican Primaries (3/1/2022) | 20211102 General and Special Elections (11/2/2021) | 20201103 General Election (11/3/2020) | July 14, 2020 Primary Runoff (7/14/2020) | 20200303 Primry (3/3/2020) | 20181106 General Election (11/6/2018) | Primary Runoff May 22, 2018 (5/22/2018) | 20180306 Primary (3/6/2018) | 2017 November 7 Amendment (11/7/2017) | 2016 General (11/8/2016) | 2016 Primary Runoff (5/24/2016) | 2016 Primary Election v2 (2/24/2016) | 2015 Constitutional Amendment Bond (11/3/2015) | General 2014 (11/4/2014) | 2014 Primary Runoff (5/27/2014) | Comal County Primary Election 2014 (3/4/2014) | 2013 Constitutional Amendment Election (11/5/2013) | 2012 General Election (11/6/2012) | July 31, 2012 Primary Runoff (7/31/2012) | May 29, 2012 Primary Election (5/29/2012) | November 2011 (11/8/2011)"
Comanche,404,0,n,n,n,
Concho,404,0,n,n,n,
Cooke,404,0,n,n,n,
Coryell,404,0,n,n,n,
Cottle,404,0,n,n,n,
Crane,404,0,n,n,n,
Crockett,404,0,n,n,n,
Crosby,404,0,n,n,n,
Culberson,404,0,n,n,n,
Dallam,404,0,n,n,n,
Dallas,200,2,n,n,y,2026 Joint and Special Runoff (6/13/2026) | 2026 Republican Primary Runoff (5/26/2026)
Dawson,404,0,n,n,n,
DeWitt,404,0,n,n,n,
Deaf Smith,404,0,n,n,n,
Delta,404,0,n,n,n,
Denton,200,87,y,y,y,"2026 Joint Runoff Election (6/13/2026) | 2026 Republican Primary Runoff (5/26/2026) | 2026 Democratic Primary Runoff (5/26/2026) | 2026 May Joint Election (5/2/2026) | 2026 Republican Primary (3/3/2026) | 2026 Democratic Primary (3/3/2026) | 2026 City of Frisco and City of Plano Special Election (1/31/2026) | 2025 Constitutional Amendment Election (11/4/2025) | 2025 May Joint Runoff Election (6/7/2025) | 2025 May Joint Elections (5/3/2025) | 2024 General Election (11/5/2024) | 2024 City of Lewisville Runoff Election (6/15/2024) | 2024 Democratic Primary Runoff Election (5/28/2024) | 2024 Republican Primary Runoff Election (5/28/2024) | 2024 May Joint Elections (5/4/2024) | 2024 Democratic Primary Election (3/5/2024) | 2024 Republican Primary Election (3/5/2024) | 2023 Constitutional Amendment and Joint Election (11/7/2023) | 2023 Denton County Emergency Services District 1 and 2 Election (11/7/2023) | 2023 Municipal Utility District Elections (11/7/2023) | 2023 Joint, General and Special Election (5/6/2023) | 2022 City of Pilot Point Special Runoff Election (12/13/2022) | 2022 General Election (11/8/2022) | 2022 City of Carrollton Runoff Election (6/18/2022) | 2022 Primary Runoff Election (5/24/2022) | 2022 Joint, General and Special Election (5/7/2022) | 2022 Frisco Special Runoff Election (3/26/2022) | 2022 Primary Election (3/1/2022) | 2022 Frisco Special Election (1/29/2022) | 2021 Little Elm Special Runoff Election (12/7/2021) | 2021 Mustang Special Utility District Special Election (11/2/2021) | 2021 Constitutional Amendment Election (11/2/2021) | 2021 May Joint Runoff Election (6/5/2021) | 2021 May Joint Election (5/1/2021) | 2020 Texas Senate District 30 Special Runoff Election (12/19/2020) | 2020 General and Special Runoff Election (12/8/2020) | 2020 General Election (11/3/2020) | 2020 Texas Senate District 30 Special Election (9/29/2020) | 2020 Republican Primary Runoff Election (7/14/2020) | 2020 Democratic Primary Runoff Election (7/14/2020) | 2020 Fort Worth Special Election (7/14/2020) | 2020 Democratic Primary Election (3/3/2020) | 2020 Republican Primary Election (3/3/2020) | 2019 Constitutional Amendment Election (11/5/2019) | 2019 Trophy Club Special Election - September (9/7/2019) | 2019 May Joint Runoff Election (6/8/2019) | 2019 May Joint Election (5/4/2019) | 2019 Mustang Special Utility District Election (5/4/2019) | 2019 Trophy Club Special Election - February (2/23/2019) | 2018 General Election (11/6/2018) | 2018 May Joint Runoff Election (6/16/2018) | 2018 Republican and Democratic Primary Runoff Elections (5/22/2018) | 2018 May Joint Election (5/5/2018) | 2018 Republican and Democratic Primary Elections (3/6/2018) | 2017 Constitutional Amendment Election (11/7/2017) | 2017 Denton ISD Special Election (9/9/2017) | 2017 Southlake Special Election (9/9/2017) | 2017 May Joint Runoff Election (6/10/2017) | 2017 May Joint Election (5/6/2017) | 2017 Canyon Falls MUD No. 1 Special Election (5/6/2017) | 2017 Frisco Special Runoff Election (3/25/2017) | 2017 Frisco Special Election (2/18/2017) | 2016 General Election (10/7/2016) | 2016 Aubrey ISD and Frisco ISD Tax Special Elections (8/27/2016) | 2016 May Joint Runoff Election (6/18/2016) | 2016 Republican and Democratic Primary Runoff Election (5/24/2016) | 2016 May Joint Election (5/7/2016) | 2016 Democratic Primary Election (3/1/2016) | 2016 Republican Primary Election (3/1/2016) | 2015 Constitutional Amendment Election (11/3/2015) | 2015 Little Elm ISD Special Election (9/5/2015) | 2015 Pilot Point Runoff Election (6/13/2015) | 2015 May Joint Election (5/9/2015) | 2014 The Colony Runoff Election (12/9/2014) | 2014 General Election (11/4/2014) | 2014 Krum ISD Special Election (9/6/2014) | 2014 Sanger ISD Special Election (9/6/2014) | 2014 Republican Primary Runoff Election (5/27/2014) | 2014 Democratic Primary Runoff Election (5/27/2014) | 2014 May Joint Election (5/10/2014) | 2014 Republican Primary Election (3/4/2014) | 2014 Democratic Primary Election (3/4/2014) | 2013 Constitutional Amendment Election (11/5/2013) | 2013 Plano Runoff Election (6/15/2013) | 2013 May Joint Election (5/11/2013) | 2013 Celina Special Election (2/2/2013) | 2012 General Election (11/6/2012)"
Dickens,404,0,n,n,n,
Dimmit,404,0,n,n,n,
Donley,404,0,n,n,n,
Duval,404,0,n,n,n,
Eastland,404,0,n,n,n,
Ector,404,0,n,n,n,
Edwards,404,0,n,n,n,
El Paso,200,63,y,y,y,MAY 2026 PRIMARY RUNOFF (5/26/2026) | MAY 2026 UNIFORM ELECTION (5/2/2026) | MARCH 2026 PRIMARY ELECTION (3/3/2026) | DECEMBER 2025 VILLAGE OF VINTON RUNOFF ELECTION (12/13/2025) | NOVEMBER 2025 UNIFORM (11/4/2025) | MAY 2025 UNIFORM ELECTION (5/3/2025) | DECEMBER 2024 RUNOFF ELECTION (12/14/2024) | NOVEMBER 2024 GENERAL ELECTION (11/5/2024) | MAY 2024 PRIMARY RUNOFF ELECTION (5/28/2024) | MAY 2024 UNIFORM AND SPECIAL ELECTION (5/4/2024) | MARCH 2024 PRIMARY ELECTION (3/5/2024) | JANUARY 2024 RUNOFF ELECTION (1/20/2024) | DECEMBER 2023 SPECIAL ELECTION (12/9/2023) | NOVEMBER 2023 UNIFORM AND SPECIAL ELECTION (11/7/2023) | JUNE 2023 RUNOFF (6/10/2023) | MAY 2023 UNIFORM ELECTION (5/6/2023) | DECEMBER 2022 RUNOFF ELECTION (12/17/2022) | NOVEMBER 2022 GENERAL ELECTION (11/8/2022) | MAY 2022 PRIMARY RUNOFF ELECTION (5/24/2022) | MAY 2022 UNIFORM AND SPECIAL ELECTION (5/7/2022) | MARCH 2022 PRIMARY ELECTION (1/26/2022) | DECEMBER 2021 SOCORRO RUNOFF ELECTION (11/15/2021) | NOVEMBER 2021 UNIFORM ELECTION (11/2/2021) | JUNE 2021 RUNOFF ELECTION (6/5/2021) | MAY 2021 UNIFORM ELECTION (5/1/2021) | DECEMBER 2020 RUNOFF (12/12/2020) | NOVEMBER 2020 GENERAL ELECTION (11/3/2020) | JULY 2020 PRIMARY RUNOFF ELECTION (7/14/2020) | MARCH 2020 PRIMARY ELECTION (3/3/2020) | JANUARY 2020 RUNOFF ELECTION (1/25/2020) | DECEMBER 2019 RUNOFF AND SPECIAL ELECTION (12/14/2019) | NOVEMBER 2019 UNIFORM ELECTION (10/15/2019) | JUNE 2019 RUNOFF ELECTION (6/15/2019) | MAY 2019 UNIFORM ELECTION (5/4/2019) | JANUARY 2019 SPECIAL ELECTION (1/29/2019) | DECEMBER 2018 RUNOFF ELECTION (11/30/2018) | MAY 2018 PRIMARY RUNOFF (5/22/2018) | MAY 2018 UNIFORM ELECTION - SAN ELI (5/5/2018) | MARCH 2018 PRIMARY ELECTION (3/6/2018) | February 2018 Special Election (2/3/2018) | NOVEMBER 2017 UNIFORM ELECTION (11/7/2017) | AUGUST 2017 SPECIAL RUNOFF ELECTION (8/26/2017) | JULY 2017 RUNOFF AND SPECIAL ELECTION (7/15/2017) | JUNE 2017 UNIFORM RUNOFF AND SPECIAL ELECTION (5/22/2017) | 2017 MAY UNIFORM (5/6/2017) | 2016 General (11/8/2016) | City of Socorro Special Election (8/10/2016) | 2016 MAY RUNOFF (5/24/2016) | May 2016 (5/7/2016) | March 2016 (3/1/2016) | November 2015 (11/3/2015) | AUGUST 2015 (8/22/2015) | June Runoff 2015 (6/13/2015) | May 2015 (5/9/2015) | December 2014 (12/20/2014) | November 2014 (11/4/2014) | July 2014 (7/19/2014) | May Runoff 2014 (5/27/2014) | May San Eli 2014 (5/10/2014) | March 2014 (3/4/2014) | November 2013 (11/5/2013) | June 2013 (6/15/2013) | May 2013 (5/11/2013)
Ellis,404,0,n,n,n,
Erath,404,0,n,n,n,
Falls,404,0,n,n,n,
Fannin,404,0,n,n,n,
Fayette,404,0,n,n,n,
Fisher,404,0,n,n,n,
Floyd,404,0,n,n,n,
Foard,404,0,n,n,n,
Fort Bend,200,39,n,n,n,"2022 Primary Runoff Election (5/24/2022) | May 7, 2022 City-School-MUD Election (5/7/2022) | Joint Primary Election March 1, 2022 (3/1/2022) | Missouri City Runoff December 11, 201 (12/11/2021) | November 2, 2021 Constitutional Amendment (11/2/2021) | May 1, 2021 Election (5/1/2021) | 2-20-2021 Stafford Special Election (2/20/2021) | 2020 Runoff Election (12/12/2020) | 2020 General Election (11/3/2020) | 2020 DEM Runoff (7/14/2020) | 2020 REP Runoff (7/14/2020) | 2020 Republican Primary (3/3/2020) | 2020 Democratic Primary (3/3/2020) | District 28 Runoff 1-28-2020 (1/28/2020) | City of Houston Runoff 12-14-2019 (12/14/2019) | Special & General Election 11-5-2019 (11/5/2019) | June 8, 2019-Runoff Election (6/8/2019) | General and Special Election May 4, 2019 (5/4/2019) | City of Missouri City Runoff Election (12/8/2018) | 11-6-2018 General Election (6/7/2018) | 2018 DEM Primary Runoff (5/22/2018) | 2018 REP Primary Runoff (5/22/2018) | City/School/MUD Election May 5, 2018 (5/5/2018) | 2018 Dem Primary (3/6/2018) | 2018 Rep Primary (3/6/2018) | November 07, 2017 Special and General Election (11/7/2017) | 2017 Sugar Land Runoff (6/10/2017) | 2017 May Joint Election (5/6/2017) | December 17, 2016 Needville ISD Special Election (12/17/2016) | 2016 General Election (11/8/2016) | September 10, 2016-City of Richmond Special Election (9/10/2016) | June 11, 2016-City/School/MUD Runoff Election (6/11/2016) | Republican Primary Runoff May 24, 2016 (5/17/2016) | Democrat Primary Runoff May 24, 2016 (5/17/2016) | May 7, 2016-City/School/MUD Elections (5/7/2016) | Democrat Primary March 1,2016 (3/1/2016) | Republican Primary March 1, 2016 (3/1/2016) | December 12, 2015-City of Houston Runoff Election (11/30/2015) | General Election (11/3/2015)"
Franklin,404,0,n,n,n,
Freestone,404,0,n,n,n,
Frio,404,0,n,n,n,
Gaines,404,0,n,n,n,
Galveston,200,14,y,y,y,2026 Entity Runoff Election (6/13/2026) | 2026 Joint Primary Runoff (5/26/2026) | 2026 May Entity Election (5/2/2026) | 2026 Joint Primary Election (3/3/2026) | 2025 November Constitutional Election (11/4/2025) | 2025 City of La Marque Runoff (6/7/2025) | 2025 May Entity Election (5/3/2025) | 2024 November Election (11/5/2024) | 2024 City of Galveston Runoff (6/15/2024) | 2024 Primary Runoff Election (5/28/2024) | 2024 May Entity Election (5/4/2024) | 2024 Primary (3/5/2024) | 2024 League City Special Election Runoff (2/17/2024) | 2024 League City Special Election (1/13/2024)
Garza,404,0,n,n,n,
Gillespie,404,0,n,n,n,
Glasscock,404,0,n,n,n,
Goliad,404,0,n,n,n,
Gonzales,404,0,n,n,n,
Gray,404,0,n,n,n,
Grayson,404,0,n,n,n,
Gregg,200,30,y,y,y,2026 Joint Primary Runoff (5/26/2026) | 2026 Joint Primary (3/3/2026) | 2025 Constitutional (11/4/2025) | 2024 General Election (11/5/2024) | 2024 March 5th Primary (3/5/2024) | 2023 November 7th General & Special (11/7/2023) | 2022 November 8th General (11/8/2022) | 2022 May 24th Primary Runoff (5/24/2022) | 2022 Constitutional Amendment and City & School (5/7/2022) | 2022 Primary (3/1/2022) | 2021 Amendments (11/2/2021) | 2020 General Election (11/3/2020) | 2020 Primary Runoff (7/14/2020) | 2020 Primary (3/3/2020) | 2019 Amendments (11/5/2019) | 2019 Special Election ESD#3 (5/4/2019) | 2018 General (11/6/2018) | 2018 Primary Runoff (5/22/2018) | 2018 Primary (3/6/2018) | 2017 General (11/7/2017) | 2016 General (11/8/2016) | 2016 Primary Runoff (5/24/2016) | 2016 Republican Primary (3/1/2016) | 2016 Democratic Primary (3/1/2016) | 2015 General Election (11/3/2015) | 2014 General Election (11/4/2014) | 2014 Primary Runoff (5/27/2014) | Democratic 2014 Primary (3/4/2014) | Republican 2014 Primary (3/4/2014) | 2013 General Election (11/5/2013)
Grimes,404,0,n,n,n,
Guadalupe,200,12,n,n,n,"2015 May Election (5/9/2015) | 2014 General Election (10/16/2014) | 2014 Democratic Primary Runoff (5/27/2014) | 2014 Republican Primary Runoff (5/27/2014) | May 10, 2014 Elections (5/10/2014) | 2014 Democratic Primary (3/4/2014) | 2014 Republican Primary (3/4/2014) | CAE Joint Election (11/5/2013) | MAY 11, 2013 ELECTIONS (5/11/2013) | 2012 SEGUIN RUNOFF (12/18/2012) | Joint General and Special Elections 2012 (11/6/2012) | City of Schertz General and Special Elections for Bexar and Comal Counties Only (11/6/2012)"
Hale,404,0,n,n,n,
Hall,404,0,n,n,n,
Hamilton,404,0,n,n,n,
Hansford,404,0,n,n,n,
Hardeman,404,0,n,n,n,
Hardin,404,0,n,n,n,
Harris,404,0,n,n,n,
Harrison,404,0,n,n,n,
Hartley,404,0,n,n,n,
Haskell,404,0,n,n,n,
Hays,404,0,n,n,n,
Hemphill,404,0,n,n,n,
Henderson,404,0,n,n,n,
Hidalgo,200,96,n,n,n,"20General (11/3/2020) | 20REPRO (7/14/2020) | 20DEMRO (7/14/2020) | 20REP (3/3/2020) | 20DEM (3/3/2020) | 19DEC (12/10/2019) | 19ALAMO (12/7/2019) | 19CON (11/5/2019) | 19August (8/27/2019) | 19JULY (7/16/2019) | 19JUNE (6/8/2019) | 19MAY (5/4/2019) | 18GEN (11/6/2018) | 18MCAISD (9/8/2018) | 18RMISS (6/9/2018) | 18RDEM (5/22/2018) | 18AGUA (5/5/2018) | 18ELSA (5/5/2018) | 18HID (5/5/2018) | 18MCISD (5/5/2018) | 18MISS (5/5/2018) | 18SISD (5/5/2018) | 18STC (5/5/2018) | 18DEM (3/6/2018) | 18REP (3/6/2018) | 17RDONNA (12/12/2017) | 17CON (11/7/2017) | 17RMERC (6/10/2017) | 17RSJ (6/10/2017) | 17ELSA (5/6/2017) | 17MERC (5/6/2017) | 17MISD (5/6/2017) | 17PHARR (5/6/2017) | 17SISD (5/6/2017) | 17SJ (5/6/2017) | 17SULL (5/6/2017) | 16GENHID (11/8/2016) | 16RELSA (6/11/2016) | 16RHID (6/11/2016) | 16RVILLA (6/11/2016) | 16DEMRUN (5/24/2016) | 16REPRUN (5/24/2016) | 16AGUA (5/7/2016) | 16CTYHID (5/7/2016) | 16DISD (5/7/2016) | 16ELSA (5/7/2016) | 16GRAN (5/7/2016) | 16MCISD (5/7/2016) | 16MERC (5/7/2016) | 16MISS (5/7/2016) | 16PISD (5/7/2016) | 16VILLA (5/7/2016) | 16WISD (5/7/2016) | 16DEMHID (3/1/2016) | 16REPHID (3/1/2016) | 15RJOYA (12/8/2015) | 15HIDCON (11/3/2015) | 15WES5 (11/3/2015) | 15VVISD (9/12/2015) | 15RSJUAN (6/13/2015) | 15MISD (5/9/2015) | 15PEN (5/9/2015) | 15PISD (5/9/2015) | 15SISD (5/9/2015) | 15SJUAN (5/9/2015) | 15VILLA (5/9/2015) | 14RODNA (12/2/2014) | 14ROMAI (12/2/2014) | 14GTXHID (11/4/2014) | 14SPMAI (9/13/2014) | 14SPPRO (8/9/2014) | 14JP2RUN (7/1/2014) | 14RMER (6/21/2014) | 14RMISS (6/21/2014) | 14RUNDEM (5/27/2014) | 14RUNREP (5/27/2014) | 14AGUA (5/10/2014) | 14CTYHID (5/10/2014) | 14DID (5/10/2014) | 14DISD (5/10/2014) | 14ELSA (5/10/2014) | 14MCISD (5/10/2014) | 14MER (5/10/2014) | 14MISS (5/10/2014) | 14PALMV (5/10/2014) | 14SISD (5/10/2014) | 14SJ (5/10/2014) | 14PISD (4/28/2014) | 2014 DEM Primary (3/4/2014) | 2014 REP Primary (2/11/2014) | 2013 General Election (11/5/2013) | Mercedes City Runoff Election (6/29/2013) | Hidalgo I.S.D. Election (5/11/2013) | McAllen I.S.D. Elections (5/11/2013) | City of Mercedes Election (4/26/2013) | Hidalgo, TX General Election 11/6/2012 (11/6/2012)"
Hill,404,0,n,n,n,
Hockley,404,0,n,n,n,
Hood,200,39,y,y,y,"2026 Primary Runoff (5/26/2026) | 2026 March Primary (3/3/2026) | November 2025 Constitutional Amendment Election (11/4/2025) | November 2024 General (11/5/2024) | 2024 Republican Primary Runoff (5/28/2024) | May 4, 2024 General (5/4/2024) | March 5, 2024 Primary Election (3/5/2024) | City of Granbury Runoff (12/9/2023) | November 7, 2023 Constitutional Amendment (11/7/2023) | May 6, 2023 General/Special (5/6/2023) | November 8, 2022 General (11/8/2022) | 2022 Primary Runoff (5/24/2022) | May 7, 2022 Special Election (5/7/2022) | 2022 Primary (3/1/2022) | 2021 General (11/2/2021) | 2021 Granbury Runoff (7/27/2021) | 2021 Granbury Special (6/29/2021) | 2021 May General Election (5/1/2021) | 2020 General Election (11/3/2020) | 2020 DEM Primary Runoff (7/14/2020) | 2020 REP Primary Runoff (7/14/2020) | 2020 REP Primary (3/3/2020) | 2020 DEM Primary (3/3/2020) | 2019 Const and Gen Election (11/5/2019) | 2019 Lipan and MUD (5/4/2019) | 2018 General (11/6/2018) | 2018 Primary Runoff (5/22/2018) | 2018 Dem Primary (3/6/2018) | 2018 Rep Primary (3/6/2018) | 2017 General (11/7/2017) | 2017 MUD Election (5/6/2017) | 2016 General (11/8/2016) | 2016 May Primary Runoff (5/24/2016) | 2016 DEM Primary (3/1/2016) | 2016 REP Primary (3/1/2016) | 2015 Joint & General (11/3/2015) | Lipan Bond & Trustee Election (5/9/2015) | 2014 General Election (11/4/2014) | 2014 Primary (9/17/2014)"
Hopkins,404,0,n,n,n,
Houston,404,0,n,n,n,
Howard,404,0,n,n,n,
Hudspeth,404,0,n,n,n,
Hunt,200,0,n,n,n,
Hutchinson,404,0,n,n,n,
Irion,404,0,n,n,n,
Jack,404,0,n,n,n,
Jackson,404,0,n,n,n,
Jasper,404,0,n,n,n,
Jeff Davis,404,0,n,n,n,
Jefferson,200,0,n,n,n,
Jim Hogg,404,0,n,n,n,
Jim Wells,404,0,n,n,n,
Johnson,404,0,n,n,n,
Jones,404,0,n,n,n,
Karnes,404,0,n,n,n,
Kaufman,200,19,y,y,y,"2026 Joint Runoff-City of Forney (6/13/2026) | 2026 Primary Runoff (5/26/2026) | 2026 Joint Election (5/2/2026) | 2026 Primary Election (3/3/2026) | November 4, 2025 Constitutional Amendment/Joint Election (11/4/2025) | May 3, 2025, Joint Election (5/3/2025) | NOVEMBER 5, 2024 GENERAL ELECTION (11/5/2024) | May 28, 2024 Republican Primary Runoff Election (5/28/2024) | May 4 2024, Joint Election (5/4/2024) | March 5, 2024 Primary Elections (3/5/2024) | NOVEMBER 7, 2023 CONSTITUTIONAL/JOINT ELECTION (11/7/2023) | JUNE 10, 2023 CITY OF TERRELL CITY COUNCIL DISTRICT 5 RUNOFF ELECTION (6/10/2023) | MAY 6, 2023 JOINT ELECTION (5/6/2023) | NOVEMBER 8, 2022 GENERAL/JOINT ELECTION (11/8/2022) | JUNE 18, 2022 CITY OF FORNEY SPECIAL RUNOFF ELECTION (6/18/2022) | MAY 24, 2022 DEMOCRATIC & REPUBLICAN PARTY PRIMARY RUNOFF ELECTIONS (5/24/2022) | MAY 7, 2022 CONSTITUTIONAL AMENDMENT/JOINT ELECTION (5/7/2022) | MARCH 1, 2022 DEMOCRATIC & REPUBLICAN PARTY PRIMARY ELECTIONS (3/1/2022) | 2021 Amendments and Joint (11/2/2021)"
Kendall,200,0,n,n,n,
Kenedy,404,0,n,n,n,
Kent,404,0,n,n,n,
Kerr,404,0,n,n,n,
Kimble,404,0,n,n,n,
King,404,0,n,n,n,
Kinney,404,0,n,n,n,
Kleberg,404,0,n,n,n,
Knox,404,0,n,n,n,
La Salle,404,0,n,n,n,
Lamar,200,41,y,y,y,"2026 Primary Runoff (5/26/2026) | 2026 May Joint (5/2/2026) | 2026 Primaries (3/3/2026) | 2025 Special Election (11/4/2025) | 2024 General Election (11/5/2024) | 2024 Republican Runoff (5/28/2024) | May 2024 Joint Election (5/4/2024) | 2024 Primaries (3/5/2024) | 2023 Constitutional Amendment (11/7/2023) | 2023 City of Paris (5/6/2023) | 2022 GENERAL (11/8/2022) | 2022 Primary Runoff (5/24/2022) | 2022 May Joint (5/7/2022) | 2022 Primaries (1/28/2022) | 2021 Constitutional Amendment (11/2/2021) | 2020 General Election (11/3/2020) | 2020 Primary Runoff (7/14/2020) | 2020 Primary (3/3/2020) | 2019 Constitutional Election (11/5/2019) | 2019 Joint (5/4/2019) | 2018 General (11/6/2018) | 2018 Primary Runoff (5/11/2018) | 2018 Joint (5/5/2018) | 2018 Primary (3/6/2018) | 2017 General (11/7/2017) | 2017 City of Paris Election (5/6/2017) | 2016 General (11/8/2016) | 2016 Primary Runoff (5/24/2016) | 2016 Primary (3/1/2016) | Constitutional Amendments (11/3/2015) | 2015 City of Paris Election (5/9/2015) | 2014 General Election (11/4/2014) | 2014 PJC Runoff (6/21/2014) | 2014 Primary Runoff (5/27/2014) | 2014 Joint Election (5/10/2014) | 2014 Primary Election (2/5/2014) | Constitutional Amendments (11/5/2013) | City Of Paris 2013 (5/11/2013) | GENERAL ELECTION 2012 (11/6/2012) | Lamar County Primary Runoff Election (7/31/2012) | 2012 Lamar County Primary Election May 29, 2012 (5/29/2012)"
Lamb,404,0,n,n,n,
Lampasas,404,0,n,n,n,
Lavaca,404,0,n,n,n,
Lee,404,0,n,n,n,
Leon,404,0,n,n,n,
Liberty,403,0,n,n,n,
Limestone,404,0,n,n,n,
Lipscomb,404,0,n,n,n,
Live Oak,404,0,n,n,n,
Llano,404,0,n,n,n,
Loving,404,0,n,n,n,
Lubbock,200,0,n,n,n,
Lynn,404,0,n,n,n,
Madison,404,0,n,n,n,
Marion,404,0,n,n,n,
Martin,404,0,n,n,n,
Mason,404,0,n,n,n,
Matagorda,404,0,n,n,n,
Maverick,404,0,n,n,n,
McCulloch,404,0,n,n,n,
McLennan,404,0,n,n,n,
McMullen,404,0,n,n,n,
Medina,404,0,n,n,n,
Menard,404,0,n,n,n,
Midland,200,9,y,y,y,2026 May 26 Joint Primary Runoff Election (5/26/2026) | 2026 March 3 Joint Primary Election (3/3/2026) | 2025 November 4 Joint Constitutional Amendment Special Election (11/4/2025) | 2025 May 3 Special Election (5/3/2025) | 2024 November 5 Joint General (11/5/2024) | 2024 May 4 COM Special Election (5/4/2024) | 2024 March 5 Joint Primary Election (3/5/2024) | 2023 Joint General Election (11/7/2023) | 2022 Joint General Election (11/8/2022)
Milam,404,0,n,n,n,
Mills,404,0,n,n,n,
Mitchell,404,0,n,n,n,
Montague,200,0,n,n,n,
Montgomery,404,0,n,n,n,
Moore,404,0,n,n,n,
Morris,404,0,n,n,n,
Motley,404,0,n,n,n,
Nacogdoches,404,0,n,n,n,
Navarro,404,0,n,n,n,
Newton,404,0,n,n,n,
Nolan,404,0,n,n,n,
Nueces,200,32,n,n,n,"November 3, 2020 General Election (11/3/2020) | July 14th Primary Runoff (7/14/2020) | 2020 Joint Primary Election (3/3/2020) | 2019 Robstown Runoff Election (12/16/2019) | Joint Contstitutional Election 2019 (10/21/2019) | May 2019 Joint Election (5/4/2019) | City of CC & Driscoll Election (12/18/2018) | November 6th 2018 General Election (11/6/2018) | 27th Congressional District Special Election (6/26/2018) | 0518 Runoff (5/22/2018) | 2018 Joint Primary Election (3/6/2018) | City of Robstown Runoff Election (12/19/2017) | 2017 Joint Constitutional AMDT (11/7/2017) | May 2017 Joint Special Election (5/6/2017) | Robstown Runoff (12/20/2016) | Nueces County 2016 General Election (11/8/2016) | Nueces County 2016 Primary Runoff Election (5/24/2016) | Nueces County 2016 Primary Election (3/1/2016) | November 2015 Constitutional Election (11/3/2015) | November 2014 Joint Election (11/4/2014) | Nueces 2014 Runoff (5/27/2014) | Nueces 2014 Democratic Runoff (5/27/2014) | Nueces 2014 Republican Runoff (5/27/2014) | Nueces 2014 Primary REP (3/4/2014) | Nueces 2014 Primary DEM (3/4/2014) | Nueces 2014 Primary (3/4/2014) | November 2012 Preliminary (9/17/2012) | November 2012 Joint Election (9/17/2012) | Nueces 2012 Runoff DEM (7/31/2012) | Nueces 2012 Runoff REP (7/31/2012) | Nueces 2012 Primary DEM (5/29/2012) | Nueces 2012 Primary REP (5/29/2012)"
Ochiltree,404,0,n,n,n,
Oldham,404,0,n,n,n,
Orange,404,0,n,n,n,
Palo Pinto,404,0,n,n,n,
Panola,404,0,n,n,n,
Parker,200,0,n,n,n,
Parmer,404,0,n,n,n,
Pecos,404,0,n,n,n,
Polk,404,0,n,n,n,
Potter,403,0,n,n,n,
Presidio,404,0,n,n,n,
Rains,404,0,n,n,n,
Randall,404,0,n,n,n,
Reagan,404,0,n,n,n,
Real,404,0,n,n,n,
Red River,404,0,n,n,n,
Reeves,404,0,n,n,n,
Refugio,404,0,n,n,n,
Roberts,404,0,n,n,n,
Robertson,404,0,n,n,n,
Rockwall,200,59,y,y,y,2026 May 26 Primary Runoff (5/26/2026) | 2026 May 2 Election (5/2/2026) | 2026 March 3 Primary Election (3/3/2026) | 2025 November 4 Election (11/4/2025) | 2025 May 3 Election (5/3/2025) | 2024 General Election (11/5/2024) | 2024 Fate Runoff (6/15/2024) | 2024 REPUBLICAN PRIMARY RUNOFF (5/28/2024) | 2024 May 4 Election (5/4/2024) | 2024 PRIMARY (3/5/2024) | 2023 Rowlett Runoff (12/9/2023) | 2023 CONAM Election (11/7/2023) | 2023 May 6 Election (5/6/2023) | November 8th General Election (11/8/2022) | May 24th Primary Runoff (5/24/2022) | 2022 JOINT ELECTION (5/7/2022) | 2022 PRIMARY (3/1/2022) | 2021CONAM ELECTION (11/2/2021) | 1 MAY 2021 (5/1/2021) | 2020 FATE RUNOFF (12/19/2020) | 2020 GENERAL ELECTION (11/3/2020) | 2020 DEMOCRATIC PRIMARY RUNOFF (7/14/2020) | 2020 REPUBLICAN PRIMARY RUNOFF (7/14/2020) | 2020 DEMOCRATIC PRIMARY (3/3/2020) | 2020 REPUBLICAN PRIMARY (3/3/2020) | 2019 CONAMENELECTION (11/5/2019) | 2019 May 4 Election (5/4/2019) | 2018 General Election (11/6/2018) | REPUBLICAN RUNOFF 2018 (5/22/2018) | DEMOCRATIC RUNOFF 2018 (5/22/2018) | May 5 2018 Joint Election (5/5/2018) | 2018 Republican Primary (3/6/2018) | 2018 Democratic Primary (3/6/2018) | Con Amen (11/7/2017) | 2017 CITY ELECTIONS (5/6/2017) | 2016 General Election (11/8/2016) | Democratic Primary Runoff (5/17/2016) | Republican Primary Runoff (5/17/2016) | 2016 City Election (5/7/2016) | 2016 Primary Election (Democratic) (3/1/2016) | 2016 Primary Election (Republican) (3/1/2016) | 2015 General Election (11/3/2015) | WYLIE RUNOFF (6/13/2015) | 2015 City-School Election (5/9/2015) | 2014 November 4 General Election (11/4/2014) | DEM Runoff Election (5/27/2014) | REP Runoff Election (5/27/2014) | 2014 May City/School Election (5/10/2014) | DEM Primary Election (3/4/2014) | REP Primary Election (3/4/2014) | 2013 November 5 Cons. Amendments (11/5/2013) | May 2013 City/School Election (5/11/2013) | 2012 Nov. 6th General Election (11/6/2012) | 2012 Democratic Runoff (7/31/2012) | 2012 Republican Runoff (7/31/2012) | 2012 Republican Primary (5/29/2012) | 2012 Democratic Primary (5/29/2012) | 2012 May City/School Election (5/12/2012) | November 2011 General (11/8/2011)
Runnels,404,0,n,n,n,
Rusk,200,33,y,y,y,2026 Primary Runoff (5/26/2026) | 2026 PRIMARY (3/3/2026) | 2025 Joint General Election (11/4/2025) | 2024 GENERAL ELECTION (11/5/2024) | 2024 Joint Primary Election (3/5/2024) | 2023 Joint General Election (11/7/2023) | 2022 JOINT GENERAL ELECTION (11/8/2022) | 2022 Primary Runoff (5/24/2022) | 2022 May 7 Amendment Join Election (5/7/2022) | 2022 MARCH PRIMARY (3/1/2022) | 2021 General Election (11/2/2021) | 2020 General Election (11/3/2020) | 2020 DEM Primary Runoff (7/14/2020) | 2020 REP Primary Runoff (7/14/2020) | 2020 DEM Primary (3/3/2020) | 2020 REP Primary (3/3/2020) | 2019 Special Amendments (11/5/2019) | 2018 General (11/6/2018) | 2018 Primary Runoff (5/22/2018) | 2018 Dem Primary (3/6/2018) | 2018 Rep Primary (3/6/2018) | 2017 General (11/7/2017) | 2016 General (11/8/2016) | 2016 Primary Runoff (5/24/2016) | 2016 Republican Primary (3/1/2016) | 2016 Democratic Primary (3/1/2016) | 2015 General (11/3/2015) | 2014 Republican Primary (3/4/2014) | 2014 Democratic Primary (3/4/2014) | 2013 NOV 5TH (11/5/2013) | 2012 GENERAL (11/6/2012) | Rusk 2012 Runoff (7/31/2012) | Rusk 2012 Primary (5/29/2012)
Sabine,404,0,n,n,n,
San Augustine,404,0,n,n,n,
San Jacinto,404,0,n,n,n,
San Patricio,404,0,n,n,n,
San Saba,404,0,n,n,n,
Schleicher,404,0,n,n,n,
Scurry,404,0,n,n,n,
Shackelford,404,0,n,n,n,
Shelby,404,0,n,n,n,
Sherman,404,0,n,n,n,
Smith,404,0,n,n,n,
Somervell,404,0,n,n,n,
Starr,404,0,n,n,n,
Stephens,404,0,n,n,n,
Sterling,404,0,n,n,n,
Stonewall,404,0,n,n,n,
Sutton,404,0,n,n,n,
Swisher,404,0,n,n,n,
Tarrant,200,1,n,n,n,Joint General and Special Elections 5/3/2025 (5/3/2025)
Taylor,404,0,n,n,n,
Terrell,404,0,n,n,n,
Terry,404,0,n,n,n,
Throckmorton,404,0,n,n,n,
Titus,404,0,n,n,n,
Tom Green,404,0,n,n,n,
Travis,200,16,y,y,y,2026 May Joint Primary Runoff Elections (5/26/2026) | 2026 May Joint General and Special Elections (5/2/2026) | 2026 March Joint Primary Elections (3/3/2026) | 2025 December Joint General and Special Runoff Elections (12/13/2025) | 2025 November Joint General and Special Elections (11/4/2025) | 2025 May Joint General and Special Elections (5/3/2025) | 2024 December Joint General Runoff Election (12/14/2024) | 2024 November Joint General and Special Elections (11/5/2024) | 2024 June Joint General and Special Runoff Elections (6/15/2024) | 2024 May Joint Primary Runoff Elections (5/28/2024) | 2024 May Joint General and Special Elections (5/4/2024) | 2024 March Joint Primary Elections (3/5/2024) | 2023 November General and Special Elections (11/7/2023) | 2023 May General Election (5/6/2023) | 2022 City of Austin Runoff Election (12/13/2022) | 2022 General Election (11/8/2022)
Trinity,404,0,n,n,n,
Tyler,404,0,n,n,n,
Upshur,404,0,n,n,n,
Upton,404,0,n,n,n,
Uvalde,404,0,n,n,n,
Val Verde,404,0,n,n,n,
Van Zandt,404,0,n,n,n,
Victoria,200,0,n,n,n,
Walker,404,0,n,n,n,
Waller,404,0,n,n,n,
Ward,404,0,n,n,n,
Washington,404,0,n,n,n,
Webb,404,0,n,n,n,
Wharton,404,0,n,n,n,
Wheeler,404,0,n,n,n,
Wichita,404,0,n,n,n,
Wilbarger,404,0,n,n,n,
Willacy,404,0,n,n,n,
Williamson,200,1,n,n,y,2026 May Primary Runoff (5/26/2026)
Wilson,404,0,n,n,n,
Winkler,404,0,n,n,n,
Wise,403,0,n,n,n,
Wood,200,39,y,y,y,"2026 Primary Runoff Elections (5/26/2026) | 2026 Local Elections (5/2/2026) | 2026 Primary Elections (3/3/2026) | 2025 Constitutional Amendment (11/4/2025) | 2025 May Local (5/3/2025) | 2024 General Election (11/5/2024) | 2024 Primary Runoff (5/28/2024) | 2024 Primary Elections (3/5/2024) | 2023 Constitutional Amendment Election (11/7/2023) | 2023 Local Elections (5/6/2023) | 2022 General Election (11/8/2022) | 2022 Primary Runoff Elections (5/24/2022) | 2022 Special/General Elections (5/7/2022) | 2022 Primary Elections (3/1/2022) | 2021 Constitutional Amendment Election (11/2/2021) | 2020 General Election (11/3/2020) | July 14, 2020 Primary Runoff Election (7/14/2020) | March 3, 2020 Primary Elections (3/3/2020) | 2019 Constitutional Amendment (11/5/2019) | 2018 November General Election (9/20/2018) | 2018 Primary Runoff Election (5/22/2018) | March 6, 2018 Primary Elections (3/6/2018) | Constitutional Amendment (11/7/2017) | November 8, 2016 General Election (11/8/2016) | 2016 Primary Runoff (5/24/2016) | 2016 Primary (3/1/2016) | 2015 General Election (11/3/2015) | 2014 General Election (11/4/2014) | 2014 Primary Run Off Election (5/27/2014) | 2014 Primary Election (3/4/2014) | 2013 Constitutional Amendment Election (11/5/2013) | Wood County, Texas - General Election 2012 (11/6/2012) | July 31, 2012 - Texas Primary Runoff Election - COMBINED RESULTS (7/31/2012) | July 31, 2012 - Texas Republican Primary Runoff Election (7/31/2012) | July 31, 2012 - Texas Democrat Primary Runoff Election (7/31/2012) | May 29, 2012 Texas Democratic Primary (5/29/2012) | May 29, 2012 Texas Republican Primary (5/29/2012) | May 29, 2012 Texas Primary Election - COMBINED REPORTING (5/29/2012) | Constitutional Amendment 2011 (11/8/2011)"
Yoakum,404,0,n,n,n,
Young,404,0,n,n,n,
Zapata,404,0,n,n,n,
Zavala,404,0,n,n,n,
